Latitude,Longitude,Depth,Time,OriginID,EventID,JulianDate,Ndef,Grn,Srn,Mb,Ml,EvtType
37.021,-115.988,0,717260640,675330,653332,1992267,41,41,3,4.4,4.3,ex
37.021,-115.989,0.34,717260640,3963015,653332,1992267,-1,41,3,-999,-999,en
37.021,-115.988,0,717260640,5031582,653332,1992267,41,41,3,-999,4.4,ec
37.021,-115.988,0,717260640,6192665,653332,1992267,-1,41,3,4.4,-999,en
37.207,-116.21,0,716835600,675113,653134,1992262,43,41,3,4.4,-999,ex
37.207,-116.211,0.385,716835600.1,3963014,653134,1992262,-1,41,3,-999,-999,en
37.207,-116.21,0,716835600,5030224,653134,1992262,43,41,3,-999,4.4,ec
37.207,-116.21,0,716835600,6191983,653134,1992262,-1,41,3,4.4,-999,en
37.124,-116.031,0,709311600.1,670045,648423,1992175,33,41,3,-999,3.9,ex
37.124,-116.032,0.29,709311600.1,3963013,648423,1992175,-1,41,3,-999,-999,en
37.1015,-115.9642,0,709311600.5,4997183,648423,1992175,46,41,3,-999,4,qt
37.124,-116.031,0,709311600,6178249,648423,1992175,-1,41,3,-999,-999,en
37.005,-116.01,0,708972300,669827,648221,1992171,18,41,3,-999,3,ex
37.005,-116.011,0.244,708972300,3963010,648221,1992171,-1,41,3,-999,-999,en
37.005,-116.01,0,708972300,4996696,648221,1992171,18,41,3,-999,3,ec
37.005,-116.01,0,708972300,6177677,648221,1992171,-1,41,3,-999,-999,en
37.272,-116.36,0,701627400,664976,643767,1992086,340,41,3,5.5,5.4,ex
37.272,-116.361,0.622,701627400,3963008,643767,1992086,-1,41,3,-999,-999,en
37.272,-116.36,0,701627400,4980680,643767,1992086,340,41,3,-999,5.5,qf
37.272,-116.36,0,701627400,6165772,643767,1992086,-1,41,3,5.5,4.2,en
37.096,-116.07,0,691180500.1,659334,638595,1991330,65,41,3,4.6,4.6,ex
37.096,-116.07,0.457,691180500.1,3963007,638595,1991330,-1,41,3,-999,-999,en
37.1,-116.05,0,691180499.7,4969685,638595,1991330,55,41,3,-999,4.6,qt
37.096,-116.07,0,691180500,6151890,638595,1991330,-1,41,3,4.6,-999,en
37.063,-116.045,0,687813120,657477,636899,1991291,126,41,3,5.2,5,ex
37.063,-116.046,0.457,687813120,3963006,636899,1991291,-1,41,3,-999,-999,en
37.063,-116.045,0,687813120,4966178,636899,1991291,126,41,3,-999,5.2,ec
37.063,-116.045,0,687813120,6147979,636899,1991291,-1,41,3,5.2,-999,en
37.236,-116.166,0,685297800.1,656180,635695,1991262,36,41,3,4,3.8,ex
37.236,-116.167,0.264,685297800.1,3963005,635695,1991262,-1,41,3,-999,-999,en
37.2,-116.2,0,685297800.4,4241954,635695,1991262,20,41,3,-999,4.2,-
37.2,-116.2,0,685297800.4,4963163,635695,1991262,20,41,3,-999,4.1,qt
37.236,-116.166,0,685297800,6145197,635695,1991262,-1,41,3,4,-999,en
37.226,-116.428,0,684874800.1,655994,635527,1991257,283,41,3,5.5,5.3,ex
37.226,-116.429,0.658,684874800.1,3963004,635527,1991257,-1,41,3,-999,-999,en
37.226,-116.428,0,684874800.1,4962663,635527,1991257,283,41,3,-999,5.5,ec
37.226,-116.428,0,684874800,6144691,635527,1991257,-1,41,3,5.5,4.2,en
37.087,-116.002,0,682272000,654658,634291,1991227,26,41,3,4.2,4,ex
37.087,-116.003,0.503,682272000,3963003,634291,1991227,-1,41,3,-999,-999,en
37.087,-116.002,0,682272000,4959637,634291,1991227,26,41,3,-999,4.2,ec
37.087,-116.002,0,682272000,6141534,634291,1991227,-1,41,3,4.2,-999,en
37.296,-116.313,0,670791600,648707,628994,1991094,205,41,3,5.6,5.4,ex
37.296,-116.314,0.629,670791600,3963001,628994,1991094,-1,41,3,-999,-999,en
37.296,-116.313,0,670791600,4948243,628994,1991094,205,41,3,-999,5.6,ec
37.296,-116.313,0,670791600,6127817,628994,1991094,-1,41,3,5.6,4.2,en
37.104,-116.074,0,668466165.1,647498,627879,1991067,76,41,3,4.3,4.6,ex
37.104,-116.075,0.475,668466165.1,3963000,627879,1991067,-1,41,3,-999,-999,en
37.104,-116.074,0,668466165.1,4944415,627879,1991067,76,41,3,-999,4.6,ec
37.104,-116.074,0,668466165,6125097,627879,1991067,-1,41,3,4.3,-999,en
37.227,-116.371,0,658610220.7,642172,623055,1990318,212,41,3,5.4,5.1,ex
37.227,-116.372,0.594,658610220.1,3962997,623055,1990318,-1,41,3,-999,-999,en
37.227,-116.371,0,658610220.7,4934818,623055,1990318,212,41,3,-999,5.4,ec
37.227,-116.371,0,658610220.7,6113685,623055,1990318,-1,41,3,5.4,-999,en
37.207,-116.214,0,648918000.1,637370,618780,1990206,77,41,3,4.7,-999,ex
37.207,-116.214,0,648918000.1,4924517,618780,1990206,77,41,3,-999,4.7,ec
37.207,-116.215,0.389,648918000.1,5605297,618780,1990206,-1,41,3,-999,-999,en
37.207,-116.214,0,648918000,6102570,618780,1990206,-1,41,3,4.7,-999,en
36.993,-116.004,0,645992100,635498,617078,1990172,33,40,3,4,4.3,ex
36.993,-116.005,0.35,645992100,3962991,617078,1990172,-1,40,3,-999,-999,en
37,-116.05,0,645992100,4921066,617078,1990172,30,41,3,-999,4.4,qt
36.993,-116.004,0,645992100,6098915,617078,1990172,-1,40,3,4,-999,en
37.262,-116.42,0,645292800,635117,616762,1990164,340,41,3,5.7,5.6,ex
37.262,-116.421,0.674,645292800.1,3962990,616762,1990164,-1,41,3,-999,-999,en
37.262,-116.42,0,645292800,4920267,616762,1990164,340,41,3,-999,5.7,qf
37.262,-116.42,0,645292800,6098125,616762,1990164,-1,41,3,5.7,4.5,en
37.113,-116.055,0,637084800.1,630722,612817,1990069,152,41,3,5,5.1,ex
37.112,-116.056,0.469,637084800.1,3962988,612817,1990069,-1,41,3,-999,-999,en
37.113,-116.055,0,637084800.1,4908945,612817,1990069,152,41,3,-999,5.1,ec
37.113,-116.055,0,637084800,6088291,612817,1990069,-1,41,3,5,-999,en
37.231,-116.409,0,629132400.1,626849,609251,1989342,213,41,3,5.5,5.2,ex
37.231,-116.41,0.601,629132400.1,3962985,609251,1989342,-1,41,3,-999,-999,en
37.231,-116.409,0,629132400.1,4896466,609251,1989342,213,41,3,-999,5.5,ec
37.231,-116.409,0,629132400,6079733,609251,1989342,-1,41,3,5.5,4.2,en
37.107,-116.013,0,627164400.1,625987,608389,1989319,17,41,3,-999,3.4,ex
37.106,-116.014,0.244,627164400.1,3962984,608389,1989319,-1,41,3,-999,-999,en
37.1543,-115.9792,2.54,627164400.6,4893870,608389,1989319,41,41,3,-999,3.65,en
37.107,-116.013,0,627164400.1,6077705,608389,1989319,-1,41,3,-999,-999,en
37.263,-116.491,0,625851000.1,625404,607806,1989304,270,41,3,5.7,5.3,ex
37.263,-116.492,0.564,625851000.1,3962983,607806,1989304,-1,41,3,-999,-999,en
37.263,-116.491,0,625851000.1,4891259,607806,1989304,270,41,3,-999,5.7,ec
37.263,-116.491,0,625851000,6076108,607806,1989304,-1,41,3,5.7,-999,en
37.236,-116.163,0,621788400.1,623258,605660,1989257,43,41,3,4.2,4,ex
37.236,-116.164,0.261,621788400.1,3962982,605660,1989257,-1,41,3,-999,-999,en
37.236,-116.163,0,621788400.1,4882486,605660,1989257,43,41,3,-999,4.2,ec
37.236,-116.163,0,621788400.1,6071799,605660,1989257,-1,41,3,4.2,-999,en
37.275,-116.354,0,614964600,620151,602554,1989178,102,41,3,4.9,4.8,ex
37.275,-116.354,0.64,614964600,3962981,602554,1989178,-1,41,3,-999,-999,en
37.275,-116.354,0,614964600,4874560,602554,1989178,102,41,3,-999,4.9,ec
37.275,-116.354,0,614964600,6732610,602554,1989178,-1,41,3,4.9,-999,en
37.283,-116.412,0,614553300.8,619956,602360,1989173,221,41,3,5.3,5.2,ex
37.283,-116.413,0.544,614553300.1,3962980,602360,1989173,-1,41,3,-999,-999,en
37.304,-116.4268,0.03,614553300.8,4874160,602360,1989173,171,41,3,-999,5.3,en
37.283,-116.412,0,614553300.8,6732191,602360,1989173,-1,41,3,5.3,4.8,en
37.086,-116.055,0,612209220,619030,601434,1989146,28,41,3,-999,3.7,ex
37.086,-116.056,0.398,612209220,3962979,601434,1989146,-1,41,3,-999,-999,en
37.0763,-115.9487,6.24,612209220.2,4871648,601434,1989146,28,41,3,-999,3.86,en
37.086,-116.055,0,612209220,6061744,601434,1989146,-1,41,3,-999,-999,en
37.108,-116.121,0,611241000.1,618587,600991,1989135,48,41,3,4.4,4.4,ex
37.108,-116.122,0.404,611241000.1,3962978,600991,1989135,-1,41,3,-999,-999,en
37.094,-116.0252,3.42,611240999.9,4870535,600991,1989135,74,41,3,-999,4.6,en
37.108,-116.121,0,611241000,6060655,600991,1989135,-1,41,3,4.4,-999,en
37.143,-116.067,0,605455500.1,615880,598292,1989068,132,41,3,5,4.8,ex
37.143,-116.068,0.5,605455500.1,3962975,598292,1989068,-1,41,3,-999,-999,en
37.143,-116.067,0,605455500.1,4865276,598292,1989068,132,41,3,-999,5,ec
37.143,-116.067,0,605455500,6729981,598292,1989068,-1,41,3,5,-999,en
37.128,-116.122,0,604340100.1,615363,597777,1989055,64,41,3,4.4,4.5,ex
37.128,-116.123,0.37,604340100.1,3962974,597777,1989055,-1,41,3,-999,-999,en
37.1208,-115.9727,2.49,604340099.3,4864123,597777,1989055,39,41,3,-999,4.5,en
37.128,-116.122,0,604340100,6056098,597777,1989055,-1,41,3,4.4,-999,en
37.077,-116.001,0,603144360.1,614780,597197,1989041,198,41,3,5.2,5.2,ex
37.077,-116.001,0.503,603144360.1,3962972,597197,1989041,-1,41,3,-999,-999,en
37.0803,-115.8468,3.42,603144359,4862987,597197,1989041,110,41,3,-999,5.2,en
37.077,-116.001,0,603144360,6054822,597197,1989041,-1,41,3,5.2,-999,en
37.199,-116.209,0,597789000.1,612597,595016,1988345,138,41,3,5,5,ex
37.199,-116.21,0.4,597789000.1,3962971,595016,1988345,-1,41,3,-999,-999,en
37.2133,-116.1367,2.42,597788999.8,4858172,595016,1988345,91,41,3,-999,5,en
37.199,-116.209,0,597789000,6052511,595016,1988345,-1,41,3,5,-999,en
37.089,-116.049,0,592754400.1,610467,592897,1988287,340,41,3,5.9,5.6,ex
37.089,-116.05,0.64,592754400.1,3962966,592897,1988287,-1,41,3,-999,-999,en
37.089,-116.049,0,592754400.1,4853486,592897,1988287,340,41,3,-999,5.9,qf
37.089,-116.049,0,592754400,6724473,592897,1988287,-1,41,3,5.9,4.4,en
37.086,-116.069,0,588967200.1,609096,591528,1988243,172,41,3,5,4.8,ex
37.086,-116.069,0.489,588967200.1,3962965,591528,1988243,-1,41,3,-999,-999,en
37.0922,-115.9958,2.41,588967199.9,4849799,591528,1988243,125,41,3,-999,5.1,en
37.086,-116.069,0,588967200,6723587,591528,1988243,-1,41,3,5,-999,en
37.297,-116.307,0,587840400.1,608636,591069,1988230,312,41,3,5.5,5.4,ex
37.297,-116.307,0.616,587840400.1,3962962,591069,1988230,-1,41,3,-999,-999,en
37.3197,-116.2295,0.04,587840399.6,4848613,591069,1988230,151,41,3,-999,5.5,en
37.297,-116.307,0,587840400,6722533,591069,1988230,-1,41,3,5.5,4.2,en
37.252,-116.377,0,584291130.1,607089,589522,1988189,346,41,3,5.6,5.4,ex
37.252,-116.378,0.622,584291130.1,3962961,589522,1988189,-1,41,3,-999,-999,en
37.263,-116.2292,0.03,584291128.9,4844681,589522,1988189,150,41,3,-999,5.6,en
37.252,-116.377,0,584291130,6043051,589522,1988189,-1,41,3,5.6,4.3,en
37.166,-116.072,0,582991200.1,606567,589000,1988174,51,41,3,-999,3.1,ex
37.166,-116.073,0.207,582991200.1,3962960,589000,1988174,-1,41,3,-999,-999,en
37.1,-116.05,0,582991200.5,4843717,589000,1988174,15,41,3,-999,3.4,qt
37.166,-116.072,0,582991200,6719947,589000,1988174,-1,41,3,-999,-999,en
37.26,-116.441,0,581259600.1,605958,588391,1988154,207,41,3,5.4,5.3,ex
37.26,-116.442,0.62,581259600.1,3962958,588391,1988154,-1,41,3,-999,-999,en
37.26,-116.441,0,581259600.1,4842584,588391,1988154,207,41,3,-999,5.4,ec
37.26,-116.441,0,581259600,6041971,588391,1988154,-1,41,3,5.4,4.2,en
37.032,-115.987,0,580257000.1,605498,587931,1988142,38,41,3,4.3,4.2,ex
37.032,-115.988,0.351,580257000.1,3962957,587931,1988142,-1,41,3,-999,-999,en
37.032,-115.987,0,580257000.1,4841633,587931,1988142,38,41,3,-999,4.3,ec
37.032,-115.987,0,580257000.1,6717953,587931,1988142,-1,41,3,4.3,-999,en
37.124,-116.072,0,579540900.1,605197,587630,1988134,85,41,3,4.8,4.9,ex
37.124,-116.073,0.463,579540900.1,3962956,587630,1988134,-1,41,3,-999,-999,en
37.124,-116.072,0,579540900.1,4840955,587630,1988134,85,41,3,-999,4.9,ec
37.124,-116.072,0,579540900.1,6717205,587630,1988134,-1,41,3,4.8,-999,en
37.013,-116.044,0,576436500.1,603937,586371,1988098,33,41,3,4,-999,ex
37.013,-116.045,0.245,576436500.1,3962955,586371,1988098,-1,41,3,-999,-999,en
37.013,-116.044,0,576436500.1,4838138,586371,1988098,33,41,3,-999,4,ec
37.013,-116.044,0,576436500,6041459,586371,1988098,-1,41,3,4,-999,en
37.314,-116.471,0,571947000.1,602063,584497,1988046,174,41,3,5.3,5.3,ex
37.314,-116.472,0.542,571947000.1,3962954,584497,1988046,-1,41,3,-999,-999,en
37.314,-116.471,0,571947000.1,4833379,584497,1988046,174,41,3,-999,5.3,qf
37.314,-116.471,0,571947000,6037495,584497,1988046,-1,41,3,5.3,-999,en
37.235,-116.163,0,565461000.1,599688,582123,1987336,24,41,3,4.1,4,ex
37.235,-116.164,0.271,565461000.1,3962953,582123,1987336,-1,41,3,-999,-999,en
37.235,-116.163,0,565461000.1,4826085,582123,1987336,24,41,3,-999,4.1,ec
37.235,-116.163,0,565461000,6034160,582123,1987336,-1,41,3,4.1,-999,en
36.996,-116.004,0,565374600.1,599630,582065,1987335,10,40,3,-999,-999,ex
36.996,-116.005,0.183,565374600.1,3962952,582065,1987335,-1,40,3,-999,-999,en
36.996,-116.004,0,565374600.1,4825883,582065,1987335,10,40,3,-999,-999,ec
36.996,-116.004,0,565374600,6034064,582065,1987335,-1,40,3,-999,-999,en
37.228,-116.375,0,559494000.1,597297,579732,1987267,239,41,3,5.7,5.4,ex
37.228,-116.376,0.614,559494000.1,3962950,579732,1987267,-1,41,3,-999,-999,en
37.228,-116.375,0,559494000.1,4817666,579732,1987267,239,41,3,-999,5.7,qf
37.228,-116.375,0,559494000,6028872,579732,1987267,-1,41,3,5.7,4.3,en
37.061,-116.045,0,555861600.1,596014,578449,1987225,271,41,3,5.9,5.5,ex
37.061,-116.046,0.639,555861600.1,3962949,578449,1987225,-1,41,3,-999,-999,en
37.061,-116.045,0,555861600.1,4814012,578449,1987225,271,41,3,-999,5.9,qf
37.061,-116.045,0,555861600,6710194,578449,1987225,-1,41,3,5.9,4.4,en
36.999,-116.043,0,552067500.1,594628,577064,1987181,35,40,3,4.1,4,ex
36.999,-116.044,0.32,552067500.1,3962947,577064,1987181,-1,40,3,-999,-999,en
37.0275,-116.025,3.62,552067501,4809848,577064,1987181,44,41,3,-999,4.4,en
36.999,-116.043,0,552067500.1,6025995,577064,1987181,-1,40,3,4.1,-999,en
37.22,-116.178,0,551203200.2,594326,576762,1987171,15,41,3,-999,3.5,ex
37.22,-116.179,0.321,551203200.2,3962946,576762,1987171,-1,41,3,-999,-999,en
37.22,-116.178,0,551203200.2,4808970,576762,1987171,15,41,3,-999,3.5,ec
37.22,-116.178,0,551203200.1,6025265,576762,1987171,-1,41,3,-999,-999,en
37.194,-116.035,0,551028000.1,594265,576701,1987169,31,41,3,-999,4.1,ex
37.194,-116.036,0.203,551028000.1,3962945,576701,1987169,-1,41,3,-999,-999,en
37.2872,-116.2097,0.55,551028002.6,4808823,576701,1987169,41,41,3,-999,4.4,en
37.194,-116.035,0,551028000,6025125,576701,1987169,-1,41,3,-999,-999,en
37.233,-116.423,0,546787800.1,592864,575300,1987120,245,41,3,5.5,5.3,ex
37.233,-116.424,0.625,546787800.1,3962944,575300,1987120,-1,41,3,-999,-999,en
37.233,-116.423,0,546787800.1,4804882,575300,1987120,245,41,3,-999,5.5,ec
37.233,-116.423,0,546787800,6021094,575300,1987120,-1,41,3,5.5,4.4,en
37.248,-116.509,0,545751600.6,592502,574939,1987108,236,41,3,5.5,5.3,ex
37.248,-116.51,0.544,545751600,3962942,574939,1987108,-1,41,3,-999,-999,en
37.248,-116.509,0,545751600.6,4803858,574939,1987108,236,41,3,-999,5.5,ec
37.248,-116.509,0,545751600.6,6020302,574939,1987108,-1,41,3,5.5,4,en
37.21,-116.209,0,543090480.1,591583,574020,1987077,39,41,3,4.3,4.4,ex
37.21,-116.209,0.399,543090480.1,3962941,574020,1987077,-1,41,3,-999,-999,en
37.21,-116.209,0,543090480.1,4801106,574020,1987077,39,41,3,-999,4.4,ec
37.21,-116.209,0,543090480,6707085,574020,1987077,-1,41,3,4.3,-999,en
37.011,-116.045,0,540060300.1,590469,572906,1987042,32,41,3,4.5,4.2,ex
37.011,-116.046,0.298,540060300.1,3962940,572906,1987042,-1,41,3,-999,-999,en
37.011,-116.045,0,540060300.1,4797643,572906,1987042,32,41,3,-999,4.5,ec
37.011,-116.045,0,540060300,6704822,572906,1987042,-1,41,3,4.5,-999,en
37.279,-116.356,0,522018000.1,583640,566078,1986198,243,41,3,5.7,5.5,ex
37.279,-116.356,0.627,522018000.1,3962929,566078,1986198,-1,41,3,-999,-999,en
37.279,-116.356,0,522018000.1,4766000,566078,1986198,243,41,3,-999,5.7,ec
37.279,-116.356,0,522018000,6009877,566078,1986198,-1,41,3,5.7,-999,en
37.083,-116.066,0,511892100.1,579259,561697,1986081,172,41,3,5.1,5,ex
37.083,-116.067,0.61,511892100.1,3962922,561697,1986081,-1,41,3,-999,-999,en
37.0657,-115.5067,5,511892094.8,4751308,561697,1986081,86,41,3,-999,5.1,en
37.083,-116.066,0,511892100,6000055,561697,1986081,-1,41,3,5.1,-999,en
37.273,-116.355,0,431272800.1,549858,532302,1983244,171,41,3,5.4,5.3,ex
37.273,-116.356,0.624,431272800.1,3962876,532302,1983244,-1,41,3,-999,-999,en
37.273,-116.355,0,431272800.1,4628696,532302,1983244,171,41,3,-999,5.4,ec
37.273,-116.355,0,431272800,5932874,532302,1983244,-1,41,3,5.4,-999,en
37.084,-116.007,0,397404000.1,539780,522227,1982217,227,41,3,5.7,5.6,ex
37.084,-116.007,0.64,397404000.1,3962855,522227,1982217,-1,41,3,-999,-999,en
37.084,-116.007,0,397404000.1,4590089,522227,1982217,227,41,3,-999,5.7,ec
37.084,-116.007,0,397404000,5909508,522227,1982217,-1,41,3,5.7,4.2,en
37.091,-116.051,0,381081600.1,535987,518434,1982028,244,41,3,5.9,5.8,ex
37.091,-116.052,0.639,381081600.1,3962845,518434,1982028,-1,41,3,-999,-999,en
37.091,-116.051,0,381081600.1,4576294,518434,1982028,244,41,3,-999,5.9,ec
37.091,-116.051,0,381081600.1,5898889,518434,1982028,-1,41,3,5.9,4.5,en
37.088,-116.053,0,305478000.1,519039,501491,1979249,211,41,3,5.8,5.5,ex
37.088,-116.054,0.64,305478000.1,3962806,501491,1979249,-1,41,3,-999,-999,en
37.088,-116.053,0,305478000.1,4528907,501491,1979249,211,41,3,-999,5.8,ec
37.09,-116.0499,-999,305478000.1,5853848,501491,1979249,276,41,3,-999,-999,en
37.21,-116.21,0,497748000.1,573308,555746,1985282,35,41,3,4.2,4,ex
37.21,-116.211,0.404,497748000.1,3962917,555746,1985282,-1,41,3,-999,-999,en
37.21,-116.21,0,497748000.1,4729706,555746,1985282,35,41,3,-999,4.2,ec
37.21,-116.21,0,497748000,5986718,555746,1985282,-1,41,3,4.2,-999,en
37.113,-116.122,0,444411000.1,553763,536206,1984031,27,41,3,4.1,4.4,ex
37.113,-116.123,0.388,444411000.1,3962884,536206,1984031,-1,41,3,-999,-999,en
37.113,-116.122,0,444411000.1,4646442,536206,1984031,27,41,3,-999,4.4,ec
37.113,-116.122,0,444411000,5940710,536206,1984031,-1,41,3,4.1,-999,en
37,-116.017,0,468952800.1,561677,544116,1984315,35,41,3,4.5,4.4,ex
37,-116.018,0.372,468952800.1,3962900,544116,1984315,-1,41,3,-999,-999,en
36.985,-116.056,3.49,468952800.4,2688179,544116,1984315,-1,40,3,-999,2.99,-
37,-116.017,0,468952800.1,4684043,544116,1984315,35,41,3,-999,4.5,ec
37,-116.017,0,468952800,5961249,544116,1984315,-1,41,3,4.5,-999,en
37.106,-116.049,0,433090800.1,550355,532799,1983265,24,41,3,-999,4.1,ex
37.106,-116.05,0.532,433090800.1,3962880,532799,1983265,-1,41,3,-999,-999,en
37.1455,-116.1365,9.06,433090802.7,4630868,532799,1983265,12,41,3,-999,4.14,en
37.106,-116.049,0,433090800.1,5934069,532799,1983265,-1,41,3,-999,-999,en
37.21,-116.209,0,433004400.1,550320,532764,1983264,23,41,3,-999,4.1,ex
37.21,-116.21,0.405,433004400.1,3962877,532764,1983264,-1,41,3,-999,-999,en
37.21,-116.209,0,433004400.1,4630740,532764,1983264,23,41,3,-999,4.1,ec
37.21,-116.209,0,433004400,5934013,532764,1983264,-1,41,3,-999,-999,en
37.051,-116.045,0,413827200.1,544255,526700,1983042,19,41,3,-999,4.1,ex
37.056,-116.046,0.274,413827200.1,3962864,526700,1983042,-1,41,3,-999,-999,en
37.051,-116.045,0,413827200.1,4610195,526700,1983042,19,41,3,-999,4.1,ec
37.051,-116.045,0,413827200.1,5919413,526700,1983042,-1,41,3,-999,-999,en
37.091,-116.045,0,402154200.1,540916,523362,1982272,15,41,3,-999,4.1,ex
37.091,-116.046,0.563,402154200.1,3962861,523362,1982272,-1,41,3,-999,-999,en
37.091,-116.045,0,402154200.1,4594662,523362,1982272,15,41,3,-999,4.1,ec
37.091,-116.045,0,402154200.1,6805705,523362,1982272,-1,41,3,-999,-999,en
37.19,-116.048,0,397926000,539912,522359,1982223,7,41,3,-999,3.3,ex
37.19,-116.049,0.216,397926000,3962856,522359,1982223,-1,41,3,-999,-999,en
37.19,-116.048,0,397926000,4590636,522359,1982223,7,41,3,-999,3.3,ec
37.19,-116.048,0,397926000,5909876,522359,1982223,-1,41,3,-999,-999,en
37.011,-116.032,0,350244000.1,529105,511553,1981036,7,41,3,-999,3.2,ex
37.011,-116.033,0.354,350244000.1,3962829,511553,1981036,-1,41,3,-999,-999,en
37.011,-116.032,0,350244000.1,4552761,511553,1981036,7,41,3,-999,3.2,ec
37.011,-116.032,0,350244000.1,5881313,511553,1981036,-1,41,3,-999,-999,en
37.087,-116.045,0,348438300.1,528756,511204,1981015,178,41,3,5.6,5.5,ex
37.087,-116.046,0.564,348438300.1,3962828,511204,1981015,-1,41,3,-999,-999,en
37.087,-116.045,0,348438300.1,4551531,511204,1981015,178,41,3,-999,5.6,ec
37.087,-116.045,0,348438300.1,5880402,511204,1981015,-1,41,3,5.6,-999,en
37.137,-116.063,0,314042400.1,520903,503353,1979348,13,41,3,-999,3.6,ex
37.137,-116.064,0.205,314042400.1,3962810,503353,1979348,-1,41,3,-999,-999,en
37.137,-116.063,0,314042400.1,4533944,503353,1979348,13,41,3,-999,3.6,ec
37.137,-116.0629,0,314042400.1,5858896,503353,1979348,-1,41,3,-999,-999,en
37.154,-116.038,0,305658120.1,519073,501525,1979251,16,41,3,-999,3.7,ex
37.155,-116.039,0.2,305658120.1,3962807,501525,1979251,-1,41,3,-999,-999,en
37.154,-116.038,0,305658120.1,4528969,501525,1979251,16,41,3,-999,3.7,ec
37.15,-116.0399,-999,305658120.1,5853936,501525,1979251,16,41,3,-999,-999,en
37.209,-116.211,0,274547700.2,512202,494770,1978256,67,41,3,4.6,4.6,ex
37.209,-116.212,0.388,274547700.2,3962786,494770,1978256,-1,41,3,-999,-999,en
37.209,-116.211,0,274547700.2,4514369,494770,1978256,67,41,3,-999,4.6,ec
37.21,-116.2099,0,274547700.2,5836388,494770,1978256,67,41,3,-999,-999,en
37.232,-116.477,0,-32599800,461654,444278,1968354,159,41,3,6.3,6.4,ex
37.231,-116.474,1.402,-32599799.96,3962471,444278,1968354,-1,41,3,-999,-999,en
37.232,-116.477,0,-32599800,4442746,444278,1968354,159,41,3,-999,6.3,ec
37.2314,-116.4736,0,-32599800,5724393,444278,1968354,240,41,3,-999,-999,en
37.3,-116.534,0,7326000.2,467835,450458,1970085,149,41,3,6.5,6.3,ex
37.3,-116.535,1.209,7326000.2,3962551,450458,1970085,-1,41,3,-999,-999,en
37.3,-116.534,0,7326000.2,4445978,450458,1970085,149,41,3,-999,6.5,ec
37.3005,-116.5341,0,7326000.2,5731824,450458,1970085,260,41,3,-999,-999,en
37.114,-116.113,0,12582000,468718,451341,1970146,120,41,3,5.6,5.1,ex
37.113,-116.063,0.529,12582000.05,3962566,451341,1970146,-1,41,3,-999,-999,en
37.114,-116.113,0,12582000,4446576,451341,1970146,120,41,3,-999,5.6,ec
37.1134,-116.0623,0,12582000.05,5734359,451341,1970146,161,41,3,-999,-999,en
37.35,-116.32,0,172414800.1,492735,475350,1975170,218,41,3,6.1,5.9,ex
37.35,-116.321,0.911,172414800.1,3962720,475350,1975170,-1,41,3,-999,-999,en
37.35,-116.32,-999,172414800.1,3969406,475350,1975170,-1,41,3,-999,5.9,-
37.35,-116.32,0,172414800.1,4476488,475350,1975170,218,41,3,-999,6.1,ec
37.35,-116.3199,-999,172414800.1,5795291,475350,1975170,272,41,3,-999,-999,en
37.201,-116.21,0,748681260.1,696512,672993,1993265,82,41,3,4.1,4.1,ex
37.1893,-116.1938,0,748681260,7829841,672993,1993265,10,41,3,-999,1.8,-
37.1802,-116.1847,10.5,748681259.3,4017844,672993,1993265,33,41,3,-999,4.62,-
37.1802,-116.1847,10.53,748681259.3,5083595,672993,1993265,33,41,3,-999,4.62,qt
37.201,-116.21,0,748681260,6254440,672993,1993265,-1,41,3,4.1,-999,ec
36.399,-110.481,0,922309653.4,8018548,2021889,1999083,9,495,34,-999,2.7,-
36.5153,-110.3907,-999,922309651.4,7864039,2021889,1999083,-1,495,34,-999,-999,ec
36.43,-110.488,0,922396240.7,8018551,2021892,1999084,8,495,34,-999,2.6,-
36.5157,-110.4048,-999,922396238.7,7864040,2021892,1999084,-1,495,34,-999,-999,ec
36.391,-110.326,0,921098473.2,8018536,2021879,1999069,10,495,34,-999,3.1,-
36.391,-110.326,0,921098473.2,7395733,2021879,1999069,-1,495,34,3.1,-999,ec
36.462,-110.384,0,944514485.3,8018758,2022075,1999340,14,495,34,-999,3.1,-
36.47,-110.387,0,944514485.5,7436656,2022075,1999340,17,495,34,-999,-999,ec
36.343,-110.414,0,964815225.6,8019187,2022467,2000210,11,495,34,-999,2.8,-
36.34,-110.4169,0,964815225.8,7664348,2022467,2000210,11,495,34,-999,-999,ec
36.419,-110.374,0,980458272.7,8019408,2022671,2001025,10,495,34,-999,2.9,-
36.419,-110.3739,0,980458272.7,7898154,2022671,2001025,-1,495,34,2.9,-999,ec
32.592,-109.381,0,916858259,8018491,2021841,1999020,10,495,34,-999,2.8,-
32.518,-109.126,0,919363654.5,8018514,2021861,1999049,7,495,34,-999,2.8,-
33.068,-109.328,0,940459902.8,8018673,2021995,1999293,8,495,34,-999,3,-
33.059,-109.332,0,940459902.9,7428986,2021995,1999293,8,495,34,-999,-999,ec
33.028,-109.347,0,943391138.9,8018730,2022048,1999327,9,495,34,-999,3,-
33.019,-109.35,0,943391139.1,7434770,2022048,1999327,10,495,34,-999,-999,ec
33.24,-109.068,0,945727235.9,8018795,2022110,1999354,10,495,34,-999,3,-
33.224,-109.073,0,945727236,7438661,2022110,1999354,12,495,34,-999,-999,ec
33.169,-109.406,0,954280491.4,8019008,2022300,2000088,9,495,34,-999,3.1,-
33.158,-109.4099,0,954280491.6,7597779,2022300,2000088,12,495,34,-999,-999,ec
33.03,-109.337,0,960241052.8,8019094,2022378,2000157,9,495,34,-999,3.3,-
33.42,-109.5959,0,960241052.3,7628876,2022378,2000157,18,495,34,-999,-999,ec
41.4118,-109.2343,0,949243610.4,7032620,1324942,2000030,10,460,34,3.9,3.7,-
41.464,-109.679,1,949243611.3,1898831,1324942,2000030,68,460,34,4.4,-999,mc
41.5213,-109.8112,7.98,949243613.3,5372644,1324942,2000030,22,460,34,-999,4.37,qt
41.529,-109.64,1,791825170.7,723179,697661,1995034,322,460,34,5.3,-999,mc
41.5273,-109.805,1.76,791825172.9,5154523,697661,1995034,25,460,34,-999,5.2,qt
41.62,-109.76,24.7,791825176,6936603,697661,1995034,26,460,34,5,-999,-
41.5244,-109.6409,0,791825170.7,6334943,697661,1995034,344,460,34,5.3,4.6,qt
37.0842,-116.0065,0.32,397405298,8109218,4361929,1982217,-1,41,3,4,-999,mc
37.0842,-116.0065,0.32,397405293,8109217,4361928,1982217,-1,41,3,-999,-999,mc
36.4261,-116.9948,9.7043,1033569362,7881601,4240981,2002275,38,40,3,2.17,2.59,-
36.268,-116.39,6.2,1027523745,8102576,3996284,2002205,13,40,3,-999,2.9,qt
36.2681,-116.3898,6.2189,1027523745,7881607,3996284,2002205,37,40,3,-999,2.77,-
36.715,-116.3,11.9,1024058444,8099819,1592802,2002165,84,40,3,4.3,4.4,qf
36.7911,-116.2936,11.8,1024058447,7082501,1592802,2002165,18,40,3,4.1,4.1,-
36.398,-116.8976,10.2837,1013090282,7881605,3687630,2002038,43,40,3,2.35,2.54,-
36.382,-116.8827,4.28,1013090283,5445704,3687630,2002038,18,40,3,-999,2.61,qt
36.5112,-116.5839,9.5462,1012691245,7881604,1581601,2002033,43,40,3,-999,2.69,-
36.516,-116.578,10.5,1012691245,7850609,1581601,2002033,19,40,3,-999,2.9,qt
36.537,-116.5722,5.6,1012691245,5445308,1581601,2002033,6,40,3,-999,2.91,qt
36.8164,-116.0745,7.2029,1011452798,7881603,4240983,2002019,32,40,3,-999,2.61,-
36.8861,-116.1122,8.2443,1011202361,7881602,4240982,2002016,17,40,3,-999,2.62,-
37.3895,-118.2766,0,1010099287,7881608,1579698,2002003,35,40,3,2.21,2.57,-
37.387,-118.269,5.2,1010099287,7848568,1579698,2002003,5,40,3,-999,2.7,qt
37.387,-118.2692,5.23,1010099287,5442840,1579698,2002003,28,40,3,-999,2.71,qt
36.2478,-116.8797,9.253,1014666516,7881606,1582262,2002056,34,40,3,-999,3.42,-
36.248,-116.88,9.3,1014666516,7852279,1582262,2002056,20,40,3,-999,3.4,qt
36.248,-116.88,9.3,1014666516,5447444,1582262,2002056,20,40,3,-999,3.4,-
37.349,-117.1389,4.3,979830754.5,7893556,1496312,2001018,50,40,3,3.8,-999,qt
37.3927,-117.0877,0,979830755.6,7050891,1496312,2001018,12,40,3,3.8,3.7,-
37.366,-117.183,4.3,979830755,2318662,1496312,2001018,44,40,3,-999,4,qt
37.3667,-117.1837,4.41,979830755,4045216,1496312,2001018,-1,40,3,-999,3.96,-
37.366,-117.183,4.3,979830755,5407706,1496312,2001018,44,40,3,-999,4,-
37.428,-117.0849,3,977691165.7,7747070,1471866,2000359,26,40,3,-999,-999,qt
37.445,-117.089,6.9,977691166.4,2317288,1471866,2000359,26,40,3,-999,3.5,qt
37.4453,-117.0888,6.86,977691166.4,4044624,1471866,2000359,-1,40,3,-999,3.55,-
37.445,-117.089,6.9,977691166.4,5405195,1471866,2000359,26,40,3,-999,3.5,-
36.59,-116.26,4.2,972050569,2252280,1466973,2000294,27,40,3,-999,3.4,qt
36.5857,-116.262,2.71,972050569.7,4043245,1466973,2000294,-1,40,3,-999,3.51,-
36.665,-116.208,6,972050568.6,5398748,1466973,2000294,21,40,3,-999,3.43,qt
36.58,-116.2739,4.2,972050568.9,7710383,1466973,2000294,27,40,3,-999,-999,qt
37.372,-117.123,8.6,971499209.1,2251847,1466542,2000288,45,40,3,-999,4.2,qt
37.3713,-117.1197,8.03,971499209.1,4043081,1466542,2000288,-1,40,3,-999,4.22,-
37.372,-117.123,8.6,971499209.1,5397979,1466542,2000288,45,40,3,-999,4.2,-
37.322,-117.1129,18.6,971499209.7,7706221,1466542,2000288,50,40,3,-999,-999,qt
37.3922,-117.1143,6.4,959642497.1,4039428,2746251,2000150,-1,40,3,-999,3.56,-
37.36,-117.11,7.2,940414504,1707434,1319983,1999293,39,40,3,-999,4.6,qt
37.3613,-117.1133,7.1,940414503.5,4035774,1319983,1999293,23,40,3,-999,4.6,-
37.3613,-117.1133,7.16,940414503.5,2721200,1319983,1999293,-1,40,3,-999,4.79,-
37.3498,-117.1982,0.02,940414503.8,4403839,1319983,1999293,47,40,3,-999,4.02,-
37.3613,-117.1133,7.16,940414503.5,5359880,1319983,1999293,13,40,3,-999,1.18,qt
37.31,-117.148,7.2,940414503.5,7428916,1319983,1999293,49,40,3,-999,-999,qt
37.3757,-117.1083,14.56,938362537.4,7835940,1318646,1999269,13,40,3,-999,4.3,-
37.38,-117.1,9,938362538,1706098,1318646,1999269,76,40,3,-999,4.5,qt
37.2266,-117.6572,0,938362538.2,7027968,1318646,1999269,12,40,3,3.8,4.3,-
37.3795,-117.0952,9,938362537.7,4035592,1318646,1999269,16,40,3,-999,4.22,-
37.3795,-117.0952,9.04,938362537.7,2720898,1318646,1999269,-1,40,3,-999,4.29,-
37.3795,-117.0952,9.04,938362537.7,4402962,1318646,1999269,16,40,3,-999,4.22,-
37.3795,-117.0952,9.04,938362537.7,5356595,1318646,1999269,13,40,3,-999,1.66,qt
37.344,-117.044,9,938362538,7424787,1318646,1999269,78,40,3,3.8,3.2,qt
37.375,-117.1067,16.36,933572426.2,7835734,1315833,1999214,9,40,3,-999,4.1,-
37.38,-117.08,1.8,933572427,1689287,1315833,1999214,62,40,3,3.6,4.1,qt
37.3588,-117.0677,9.3,933572426.9,7026160,1315833,1999214,14,40,3,3.2,3.6,-
37.3812,-117.0812,1.8,933572426.6,4034819,1315833,1999214,19,40,3,-999,4.05,-
37.3812,-117.0812,1.8,933572426.6,2719929,1315833,1999214,-1,40,3,-999,4.07,-
37.3812,-117.0812,1.8,933572426.6,4400774,1315833,1999214,19,40,3,-999,4.05,-
37.3812,-117.0812,1.8,933572426.6,5350458,1315833,1999214,19,40,3,-999,4.05,qt
37.39,-117.058,1.8,933572426.6,7415344,1315833,1999214,63,40,3,3.3,2.9,qt
37.3833,-117.0877,15.91,933523579,8109200,4361917,1999213,-1,40,3,-999,4.8,qt
37.3833,-117.0877,15.91,933523581.6,7835713,1315772,1999213,10,40,3,-999,5.8,-
37.39,-117.08,7.6,933523582,1689226,1315772,1999213,369,40,3,5.7,5.7,qf
37.3415,-117.0195,12.2,933523584.2,7026129,1315772,1999213,41,40,3,4.8,4.9,-
37.3887,-117.0768,7.5,933523582.1,4034750,1315772,1999213,22,40,3,-999,5.34,-
37.3887,-117.0768,7.55,933523582.1,2719867,1315772,1999213,-1,40,3,-999,5.76,-
37.3887,-117.0768,7.55,933523582.1,4400683,1315772,1999213,22,40,3,-999,5.34,-
37.3887,-117.0768,7.55,933523582.1,5350335,1315772,1999213,22,40,3,-999,5.34,qt
37.39,-117.08,7.6,933523582,6916159,1315772,1999213,-1,40,3,5.7,-999,-
37.372,-117.083,18.4,933523584,7415256,1315772,1999213,467,40,3,5.5,5.3,qt
37.51,-116.29,0,913426892,802864,768593,1998346,42,41,3,4.1,4.5,qf
37.9828,-116.3236,0,913426896.8,7015855,768593,1998346,15,41,3,3.8,3.9,-
37.5098,-116.293,0,913426892,4034183,768593,1998346,17,41,3,-999,4.51,-
37.5098,-116.293,0,913426892,2717381,768593,1998346,-1,41,3,-999,4.67,-
37.5098,-116.293,0,913426892,4391575,768593,1998346,17,41,3,-999,4.51,-
37.5098,-116.293,0,913426892,5328221,768593,1998346,17,41,3,-999,4.51,qt
37.4846,-116.3154,0,913426891.4,6800719,768593,1998346,44,41,3,3.9,3.6,qt
37.18,-116.6,9.2,891544816,787592,754694,1998092,14,41,3,-999,3.4,qt
37.1677,-116.5987,7.47,891544816.4,7834083,754694,1998092,26,41,3,-999,3.6,-
37.1785,-116.5957,9.2,891544816.5,4032989,754694,1998092,28,41,3,-999,3.38,-
37.1742,-116.6048,5.91,891544816.5,2715343,754694,1998092,-1,41,3,-999,3.57,-
37.1785,-116.5957,9.2,891544816.5,4378644,754694,1998092,28,41,3,-999,3.38,-
37.1785,-116.5957,9.2,891544816.5,5300873,754694,1998092,28,41,3,-999,3.38,qt
37.2378,-116.5346,9.2,891544816.2,6480886,754694,1998092,14,41,3,-999,-999,qt
36.789,-115.986,5,917527142.7,805408,770911,1999028,16,40,3,3,3.4,qt
36.7895,-115.9832,8.86,917527142.6,7835091,770911,1999028,9,40,3,-999,3.2,-
36.7807,-115.8492,75.1,917527141.1,4034317,770911,1999028,6,40,3,-999,3.13,-
36.7873,-115.9793,4.8,917527142.6,2717985,770911,1999028,-1,40,3,-999,3.22,-
36.789,-115.986,5,917527142.7,4392868,770911,1999028,16,40,3,-999,3.4,-
36.789,-115.986,5,917527142.7,5332097,770911,1999028,16,40,3,-999,3.4,-
36.791,-115.979,5,917527142.8,7389905,770911,1999028,21,40,3,2.9,-999,qt
36.816,-115.989,5,917433863.3,805362,770868,1999027,58,40,3,4.4,4.8,qt
36.9616,-115.95,11.7,917433867.2,7017669,770868,1999027,30,40,3,4,3.9,-
36.8122,-116.0093,0,917433862.5,4034312,770868,1999027,5,40,3,-999,4.38,-
36.783,-115.9778,9.36,917433861.8,2717843,770868,1999027,-1,40,3,-999,4.7,-
36.816,-115.989,5,917433863.3,4392846,770868,1999027,58,40,3,-999,4.8,-
36.816,-115.989,5,917433863.3,5332029,770868,1999027,58,40,3,-999,4.8,-
36.84,-115.97,0.5,917433863.3,7389758,770868,1999027,88,40,3,4.1,-999,qt
36.81,-115.967,5,917293913.9,805268,770782,1999025,19,40,3,3.1,3.5,qt
36.3072,-115.9401,7.7,917293911.5,7017591,770782,1999025,7,40,3,3.1,3.6,-
36.819,-115.905,6,917293914.1,4034304,770782,1999025,7,40,3,-999,3.11,-
36.807,-115.9617,5.33,917293914.1,2717758,770782,1999025,-1,40,3,-999,3.59,-
36.819,-115.905,6.02,917293914.1,4392804,770782,1999025,7,40,3,-999,3.11,-
36.819,-115.905,6.02,917293914.1,5331906,770782,1999025,7,40,3,-999,3.11,qt
36.822,-115.983,9.3,917293914.7,7389543,770782,1999025,25,40,3,2.7,-999,qt
36.817,-115.959,5,917290326.1,805263,770778,1999025,54,40,3,4.4,4.5,qf
36.7239,-116.0558,7.2,917290327.2,7017584,770778,1999025,15,40,3,3.7,3.7,-
36.8052,-116.0373,0,917290326.3,4034302,770778,1999025,7,40,3,-999,4.2,-
36.7913,-115.9755,0.04,917290325.2,2717749,770778,1999025,-1,40,3,-999,4.03,-
36.8052,-116.0373,0,917290326.3,4392801,770778,1999025,7,40,3,-999,4.2,-
36.8052,-116.0373,0,917290326.3,5331901,770778,1999025,7,40,3,-999,4.2,qt
36.819,-115.957,3.2,917290326.2,7389534,770778,1999025,68,40,3,3.9,-999,qt
36.82,-115.92,0,917060432,805110,770646,1999023,52,40,3,-999,3.7,qt
36.8237,-115.9248,0,917060432.4,4034293,770646,1999023,6,40,3,-999,3.48,-
36.8042,-115.9585,0.01,917060432.6,2717644,770646,1999023,-1,40,3,-999,3.85,-
36.8237,-115.9248,0,917060432.4,4392738,770646,1999023,6,40,3,-999,3.48,-
36.8237,-115.9248,0,917060432.4,5331720,770646,1999023,6,40,3,-999,3.48,qt
36.862,-115.96,0,917060433.2,7389136,770646,1999023,52,40,3,-999,-999,qt
36.864,-116.249,10,874071414.1,775586,743984,1997255,22,40,3,-999,4,qt
36.8463,-116.26,12.38,874071414.4,7833350,743984,1997255,41,40,3,-999,3.9,-
36.8554,-116.4087,0,874071413.6,6992823,743984,1997255,10,40,3,-999,3.6,-
36.852,-116.26,13.4,874071414.7,4030835,743984,1997255,37,40,3,-999,4.15,-
36.8423,-116.2652,11.61,874071414.6,2713029,743984,1997255,-1,40,3,-999,3.87,-
36.852,-116.26,13.44,874071414.7,4351107,743984,1997255,37,40,3,-999,4.15,-
36.852,-116.26,13.44,874071414.7,5262671,743984,1997255,37,40,3,-999,4.15,qt
36.9987,-116.1804,10,874071415.4,6449359,743984,1997255,52,40,3,-999,-999,qt
37.16,-115.937,5,862019375.2,768870,737983,1997116,46,41,3,-999,4.3,qt
37.1737,-115.9695,10.21,862019375.2,7832988,737983,1997116,28,41,3,-999,4.1,-
37.3745,-116.1554,0,862019377.2,6985833,737983,1997116,9,41,3,3,3.6,-
37.1713,-115.9668,9.5,862019375.4,4029957,737983,1997116,28,41,3,-999,4.34,-
37.1785,-115.9698,9.01,862019375.4,2711863,737983,1997116,-1,41,3,-999,4.05,-
37.1713,-115.9668,9.52,862019375.4,4345056,737983,1997116,28,41,3,-999,4.34,-
37.1713,-115.9668,9.52,862019375.4,5248458,737983,1997116,28,41,3,-999,4.34,qt
37.1696,-115.9559,5.2,862019375.4,6785368,737983,1997116,56,41,3,3,-999,qt
37.107,-116.415,10,807194086.5,732927,706312,1995212,34,41,3,-999,4.2,qf
37.0957,-116.4057,15.76,807194086.8,7831436,706312,1995212,32,41,3,-999,4.2,-
37.0962,-116.4095,16.35,807194087.1,2707077,706312,1995212,-1,41,3,-999,4.09,-
37.0962,-116.4095,16.35,807194087.1,4324406,706312,1995212,54,41,3,-999,4.18,-
37.0962,-116.4095,16.35,807194087.1,5172702,706312,1995212,54,41,3,-999,4.18,qt
37.09,-116.72,0,807194087.5,6948221,706312,1995212,13,41,3,-999,4,-
37.1056,-116.4163,9.9,807194086.9,6737706,706312,1995212,41,41,3,-999,-999,qt
36.648,-116.148,5,738775262.7,688801,665710,1993150,33,40,3,-999,4.4,qt
36.723,-116.1173,1.55,738775262.7,7829222,665710,1993150,36,40,3,-999,4.3,-
36.7193,-116.1158,0,738775262.8,4015622,665710,1993150,81,40,3,-999,4.27,-
36.7193,-116.1158,0.08,738775262.8,2701677,665710,1993150,-1,40,3,-999,4.2,-
36.7193,-116.1158,0.08,738775262.8,4295155,665710,1993150,81,40,3,-999,4.27,-
36.7193,-116.1158,0.08,738775262.8,5067061,665710,1993150,81,40,3,-999,4.27,qt
36.648,-116.1639,5,738775262.9,6230055,665710,1993150,34,40,3,3.2,-999,qt
36.707,-116.336,5,721081442.5,677550,655407,1992311,11,40,3,-999,2.7,qf
36.7057,-116.3048,11.44,721081442.7,7827863,655407,1992311,38,40,3,-999,3.4,-
36.7032,-116.4157,6,721081444.3,4278962,655407,1992311,20,40,3,-999,3.12,-
36.7027,-116.3068,10.65,721081443.1,2698648,655407,1992311,-1,40,3,-999,3.25,-
36.707,-116.336,5,721081442.4,5040145,655407,1992311,-1,40,3,-999,2.7,qt
36.6818,-116.2934,5,721081442.9,6200177,655407,1992311,16,40,3,-999,-999,qt
36.7302,-116.2478,10.78,718589777.4,7836011,1795785,1992283,31,40,3,-999,3.2,-
36.7317,-116.2505,9.5,718589777.9,4276111,1795785,1992283,39,40,3,-999,3.25,-
36.7317,-116.2505,9.5,718589777.9,4011386,1795785,1992283,39,40,3,-999,3.43,-
36.7317,-116.2505,9.5,718589777.9,2698075,1795785,1992283,-1,40,3,-999,3.1,-
36.7317,-116.2505,9.5,718589777.9,5035048,1795785,1992283,39,40,3,-999,3.43,qt
36.7618,-116.2708,11.5,718547036.4,7836007,1795721,1992282,35,40,3,-999,3.8,-
36.7602,-116.2713,10.3,718547036.9,4276045,1795721,1992282,43,40,3,-999,3.8,-
36.7602,-116.2713,10.3,718547036.9,4011367,1795721,1992282,43,40,3,-999,3.85,-
36.7602,-116.2713,10.3,718547036.9,2698067,1795721,1992282,-1,40,3,-999,3.65,-
36.7602,-116.2713,10.3,718547036.9,5034946,1795721,1992282,43,40,3,-999,3.85,qt
36.708,-116.304,5,716384780.1,674850,652888,1992257,84,40,3,4,4.4,qf
36.732,-116.299,7.41,716384780.7,4272872,652888,1992257,53,40,3,-999,4.1,-
36.7243,-116.3047,9.3,716384780.8,4010707,652888,1992257,64,40,3,-999,4.54,-
36.732,-116.299,7.41,716384780.7,2697726,652888,1992257,-1,40,3,-999,4.1,-
36.7243,-116.3047,9.33,716384780.8,5028662,652888,1992257,64,40,3,-999,4.54,qt
36.7091,-116.3065,7.7,716384780.4,6191229,652888,1992257,92,40,3,-999,-999,qt
36.689,-116.283,5,710319252.4,670893,649220,1992187,36,40,3,-999,4.4,qf
36.731,-116.272,7.99,710319253,4258360,649220,1992187,57,40,3,-999,4.4,-
36.7277,-116.2748,13,710319253.1,4009146,649220,1992187,83,40,3,-999,4.42,-
36.731,-116.272,7.99,710319253,2696543,649220,1992187,-1,40,3,-999,4.4,-
36.731,-116.272,-999,710319240,2853666,649220,1992187,-1,40,3,-999,4.4,-
36.7277,-116.2748,13,710319253.1,5002899,649220,1992187,83,40,3,-999,4.42,qt
36.7053,-116.3167,10.8,710319253.6,6180125,649220,1992187,42,40,3,3.4,-999,qt
36.736,-116.292,7.94,710229450.6,4257773,1778048,1992186,42,40,3,-999,3.2,-
36.7293,-116.2975,9.7,710229450.8,4009092,1778048,1992186,25,40,3,-999,2.61,-
36.736,-116.292,7.94,710229450.6,2696492,1778048,1992186,-1,40,3,-999,3.2,-
36.7293,-116.2975,9.72,710229450.8,5002203,1778048,1992186,25,40,3,-999,2.61,qt
36.686,-116.238,5,709813862.5,670423,648768,1992181,28,40,3,4.3,-999,qt
36.733,-116.25,6.64,709813863.4,4253811,648768,1992181,27,40,3,-999,4.3,-
36.6257,-116.1473,12.9,709813860.9,4008730,648768,1992181,46,40,3,-999,4.32,-
36.733,-116.25,6.64,709813863.4,2695099,648768,1992181,-1,40,3,-999,4.3,-
36.733,-116.25,-999,709813860,2851870,648768,1992181,-1,40,3,-999,4.3,-
36.6257,-116.1473,12.9,709813860.9,4998547,648768,1992181,46,40,3,-999,4.32,qt
36.7002,-116.2625,5,709813862.7,6179168,648768,1992181,34,40,3,4.2,-999,qt
36.705,-116.293,8.8,709812862.3,670421,648766,1992181,262,40,3,5.6,5.8,qd
36.7183,-116.286,11.8,709812860.1,4253805,648766,1992181,72,40,3,-999,5.61,-
36.6378,-116.1708,13,709812860.1,4008729,648766,1992181,72,40,3,-999,5.61,-
36.721,-116.294,9.51,709812862.4,2695098,648766,1992181,-1,40,3,-999,5.6,-
36.721,-116.294,-999,709812840,2851869,648766,1992181,-1,40,3,-999,5.6,-
36.6378,-116.1708,13.09,709812860.1,4998540,648766,1992181,72,40,3,-999,5.61,qt
36.7,-116.29,10,709812862.4,6929182,648766,1992181,-1,40,3,5.5,-999,-
36.714,-116.3068,9.2,709812862.5,6179164,648766,1992181,327,40,3,5.5,5.5,qt
39.327,-120.4919,17,975771256.8,7735046,1470540,2000337,99,36,3,3.9,3.7,qt
39.4425,-120.2692,17.4,975771258.1,7048904,1470540,2000337,14,36,3,4,4.3,-
39.379,-120.451,14.3,975771255.4,2315892,1470540,2000337,99,36,3,4.3,4.9,qf
39.3787,-120.4507,14.28,975771255.4,4044121,1470540,2000337,-1,36,3,-999,4.91,-
39.379,-120.451,14.3,975771255.4,5402902,1470540,2000337,99,36,3,-999,4.4,qf
38.2176,-122.2563,0,967970190.6,7044012,1384177,2000247,27,36,3,4.4,4.3,-
38.379,-122.413,10.2,967970190.1,2249544,1384177,2000247,146,36,3,4.9,5.2,qt
38.3788,-122.4127,10.12,967970190.1,5393676,1384177,2000247,75,36,3,-999,5.17,qt
38.319,-122.3379,7.7,967970190.2,7685117,1384177,2000247,162,36,3,4.8,4.7,qt
37.79,-115.79,16.2,967834980,2249443,1384076,2000245,36,41,3,-999,4.1,qt
37.7968,-115.7975,16.25,967834980.2,4042024,1384076,2000245,-1,41,3,-999,4.09,-
37.79,-115.79,16.2,967834980,5393536,1384076,2000245,36,41,3,-999,4.1,-
37.805,-115.8629,16.2,967834981.6,7684439,1384076,2000245,36,41,3,-999,-999,qt
34.592,-116.265,7.4,945959454.4,1710601,1323158,1999357,44,43,3,-999,4.1,qt
34.592,-116.265,7.42,945959454.4,4406985,1323158,1999357,65,43,3,-999,4.08,-
34.592,-116.265,7.42,945959454.4,5368472,1323158,1999357,65,43,3,-999,4.08,qt
34.645,-116.299,7.4,945959453.2,7439082,1323158,1999357,45,43,3,-999,-999,qt
34.638,-116.288,3.4,942474816.9,1708759,1321310,1999317,26,43,3,-999,3,qt
34.638,-116.288,3.35,942474816.9,4405065,1321310,1999317,60,43,3,-999,3.04,-
34.638,-116.288,3.35,942474816.9,5363613,1321310,1999317,60,43,3,-999,3.04,qt
34.62,-116.255,3.4,942474816.2,7432623,1321310,1999317,26,43,3,-999,-999,qt
34.83,-116.4,4.5,940767204,1707685,1320235,1999297,35,43,3,-999,3.4,qt
34.83,-116.4,4.5,940767204,4404059,1320235,1999297,35,43,3,-999,3.4,-
34.842,-116.399,4.19,940767204.2,5360657,1320235,1999297,53,43,3,-999,3.55,qt
34.812,-116.429,4.6,940767203.8,7429541,1320235,1999297,35,43,3,-999,-999,qt
34.5,-116.27,0,940564173,1707541,1320090,1999295,43,43,3,-999,4,qt
34.4044,-116.136,0,940564174.6,7028813,1320090,1999295,11,43,3,3.7,3.8,-
34.5,-116.27,0,940564173,4403918,1320090,1999295,43,43,3,-999,4,-
34.509,-116.269,0,940564173.5,5360181,1320090,1999295,67,43,3,-999,4.02,qt
34.474,-116.214,0,940564172.3,7429196,1320090,1999295,43,43,3,3.8,-999,qt
34.71,-116.34,5,940335644,1707368,1319917,1999292,53,43,3,-999,4.6,qt
34.71,-116.34,5,940335644,4403796,1319917,1999292,53,43,3,-999,4.6,-
34.71,-116.341,7.55,940335644.3,5359651,1319917,1999292,60,43,3,-999,4.52,qt
34.739,-116.329,9.6,940335643.1,7428784,1319917,1999292,53,43,3,-999,-999,qt
34.74,-116.27,14.3,940329579,1707363,1319912,1999292,35,43,3,-999,4.1,qt
34.74,-116.27,14.3,940329579,4403793,1319912,1999292,35,43,3,-999,4.1,-
34.701,-116.305,0.68,940329580.2,5359620,1319912,1999292,62,43,3,-999,4.12,qt
34.7,-116.258,18.3,940329580.2,7428770,1319912,1999292,35,43,3,-999,-999,qt
34.67,-116.34,6,940108250,1707106,1319654,1999289,37,43,3,-999,4.1,qt
34.67,-116.34,6,940108250,4403612,1319654,1999289,37,43,3,-999,4.1,-
34.67,-116.338,2.51,940108250.5,5358513,1319654,1999289,70,43,3,-999,4.04,qt
34.68,-116.369,10.1,940108250,7428306,1319654,1999289,37,43,3,-999,-999,qt
34.442,-116.248,1.9,940078641,1707017,1319565,1999289,197,43,3,5.2,5.7,qt
34.3457,-116.0832,0,940078641.3,7028638,1319565,1999289,35,43,3,4.8,4.9,-
34.442,-116.248,1.92,940078641,5358281,1319565,1999289,62,43,3,-999,5.7,qt
34.334,-116.219,6,940078641.2,7428207,1319565,1999289,205,43,3,5.2,5.4,qt
34.594,-116.271,0,940067204.1,1706984,1319532,1999289,527,43,3,6.3,7.3,qt
34.5407,-116.3608,0,940067205.6,7028628,1319532,1999289,32,43,3,5.4,5.3,-
34.594,-116.271,0,940067204.1,4403501,1319532,1999289,55,43,3,-999,7.1,-
34.594,-116.271,0.01,940067204.1,5358166,1319532,1999289,55,43,3,-999,7.1,qt
34.59,-116.27,0,940067204.1,6916275,1319532,1999289,-1,43,3,6.3,-999,-
34.578,-116.442,0,940067205,7428154,1319532,1999289,702,43,3,6.2,7.4,qt
37.137,-117.768,0,737820802.6,688103,665055,1993139,206,40,3,4.9,5.2,qf
37.1347,-117.7912,8.1,737820803.4,4014868,665055,1993139,100,40,3,-999,5.01,-
37.1347,-117.7912,8.1,737820803.4,2700979,665055,1993139,-1,40,3,-999,5.17,-
37.1383,-117.7332,6,737820803.8,4293785,665055,1993139,75,40,3,-999,4.9,-
37.1347,-117.7912,-999,737820780,2861504,665055,1993139,-1,40,3,-999,5,-
37.1347,-117.7912,8.1,737820803.4,5064779,665055,1993139,99,40,3,-999,5.01,qt
37.1342,-117.7605,9.2,737820803.6,6227560,665055,1993139,204,40,3,4.8,4.2,qt
37.15,-117.805,7.3,737786569.6,688075,665028,1993139,44,40,3,-999,3.3,qt
37.152,-117.83,5.9,737786570,4014811,665028,1993139,81,40,3,-999,3.18,-
37.152,-117.83,5.99,737786570,2700922,665028,1993139,-1,40,3,-999,2.78,-
37.1545,-117.7857,6,737786570.3,4293703,665028,1993139,31,40,3,-999,3.1,-
37.152,-117.83,5.99,737786570,5064671,665028,1993139,81,40,3,-999,3.18,qt
37.1711,-117.7234,7.3,737786569.5,6227491,665028,1993139,41,40,3,-999,-999,qt
37.167,-117.799,5.7,737701847.3,687991,664948,1993138,77,40,3,3.1,3.8,qt
37.1648,-117.8315,8.3,737701847.9,4014666,664948,1993138,91,40,3,-999,3.76,-
37.1648,-117.8315,8.36,737701847.9,2700782,664948,1993138,-1,40,3,-999,3.54,-
37.158,-117.7843,6,737701848,4293511,664948,1993138,44,40,3,-999,3.5,-
37.1648,-117.8315,8.36,737701847.9,5064417,664948,1993138,91,40,3,-999,3.76,qt
37.1627,-117.7777,5.7,737701847.8,6227324,664948,1993138,74,40,3,2.9,-999,qt
37.171,-117.775,6.8,737680849.2,687950,664907,1993137,515,40,3,6,6.2,qd
37.1763,-117.8323,9.1,737680850.1,4014612,664907,1993137,100,40,3,-999,6.1,-
37.1763,-117.8323,9.13,737680850.1,2700730,664907,1993137,-1,40,3,-999,6.6,-
37.1763,-117.8323,9.13,737680850.1,4293407,664907,1993137,99,40,3,-999,6.2,-
37.1763,-117.8323,9.13,737680850.1,5064254,664907,1993137,99,40,3,-999,6.1,qt
37.17,-117.78,7,737680849.2,6929898,664907,1993137,-1,40,3,6,-999,-
37.1278,-117.8111,25.9,737680852.1,6227260,664907,1993137,550,40,3,5.9,6,qt
35.622,-112.197,10,737632257.9,687908,664866,1993137,12,42,3,-999,3,qt
35.622,-112.197,10,737632257.9,5064185,664866,1993137,12,42,3,-999,3,-
35.602,-112.1497,10,737632258.2,6227176,664866,1993137,16,42,3,-999,-999,qt
35.625,-112.173,10,736788883.9,687303,664299,1993127,20,42,3,-999,3.8,qt
35.625,-112.173,10,736788883.9,5062807,664299,1993127,-1,42,3,-999,3.8,qt
35.6188,-112.1747,10,736788884.1,6225668,664299,1993127,20,42,3,-999,-999,qt
35.623,-112.061,5,736284745.9,686961,663991,1993121,6,42,3,-999,2.7,qt
35.623,-112.061,5,736284745.9,5062166,663991,1993121,6,42,3,-999,2.7,-
35.6031,-112.0729,5,736284746.2,6224738,663991,1993121,7,42,3,-999,-999,qt
35.617,-112.142,10,736117693.7,686850,663896,1993119,16,42,3,-999,3.6,qt
35.617,-112.142,10,736117693.6,5061908,663896,1993119,-1,42,3,-999,3.6,qt
35.6387,-112.1747,10,736117694.1,6736073,663896,1993119,21,42,3,-999,-999,qt
35.611,-112.112,10,736071660.8,686824,663871,1993119,266,42,3,5.5,5.3,qd
35.596,-112.109,10,736071660.7,5061851,663871,1993119,-1,42,3,-999,5.5,qt
35.6,-112.11,10,736071660.7,6929851,663871,1993119,-1,42,3,5.4,-999,-
35.6107,-112.1061,10,736071661.1,6736001,663871,1993119,325,42,3,5.4,5.1,qt
35.624,-112.147,10,735730190.4,686613,663680,1993115,116,42,3,5,-999,qd
35.624,-112.147,10,735730190.4,5061327,663680,1993115,116,42,3,-999,5,qd
35.6557,-112.1198,10,735730190.8,6224309,663680,1993115,152,42,3,4.9,4.4,qt
37.1353,-113.4968,10.81,716107335.7,4272394,2903943,1992254,13,478,34,-999,2.65,-
37.1353,-113.4968,10.81,716107335.7,5027704,2903943,1992254,13,478,34,-999,2.69,qt
37.09,-113.472,15,715429580.9,674336,652419,1992246,342,478,34,5.7,5.9,qd
37.165,-113.333,9.59,715429579.3,4271167,652419,1992246,10,478,34,-999,5.9,-
37.1068,-113.5062,-999,715429560,2855812,652419,1992246,-1,478,34,-999,5.8,-
37.1068,-113.5062,7.2,715429581.1,5025555,652419,1992246,13,478,34,-999,5.8,qt
37.09,-113.47,15,715429580.9,6929341,652419,1992246,-1,478,34,5.8,-999,-
37.0208,-113.5063,29.7,715429582.2,6189464,652419,1992246,401,478,34,5.6,5.5,qt
